Generation,Fitness_Moyenne,Fitness_Max,Fitness_Min
1,-28873.5,550613,-37942
2,3782.43,1.28478e+06,-37942
3,100089,3.32393e+06,-37896
4,151467,3.32965e+06,-37942
